0,0,-1.43,0,1.46
0,0,-1.43,0,1.46
0,0,-1.43,0,1.46
0,0,-1.43,0,1.46
0,0,-1.43,0,1.46
0,0,-1.43,0,1.46
1,0,-1.43,0,1.46
1,0,-1.43,0,1.46
1,0,-1.43,0,1.45
1,0,-1.43,0,1.46
1,0,-1.43,0,1.46
1,0,-1.43,0,1.46
2,0,-1.43,0,1.46
2,0,-1.43,0,1.46
2,0,-1.43,0,1.46
2,0,-1.43,0,1.46
2,0,-1.43,0,1.46
2,0,-1.43,0,1.46
3,0,-1.43,0,1.45
3,0,-1.43,0,1.46
3,0,-1.43,0,1.45
3,0,-1.43,0,1.45
3,0,-1.43,0,1.45
3,0,-1.43,0,1.45
3,0,-1.43,0,1.45
4,0,-1.43,0,1.46
4,0,-1.43,0,1.46
4,0,-1.43,0,1.46
4,0,-1.43,0,1.46
4,0,-1.43,0,1.45
4,0,-1.43,0,1.45
5,0,-1.43,0,1.45
5,0,-1.43,0,1.45
5,0,-1.43,0,1.45
0,0,-1.32,0,1.44
0,0,-1.32,0,1.44
0,0,-1.32,0,1.44
0,0,-1.32,0,1.44
0,0,-1.32,0,1.44
0,0,-1.32,0,1.44
1,0,-1.32,0,1.44
1,0,-1.32,0,1.44
1,0,-1.32,0,1.44
1,0,-1.32,0,1.44
1,0,-1.32,0,1.44
1,0,-1.32,0,1.44
2,0,-1.32,0,1.45
2,0,-1.32,0,1.45
2,0,-1.32,0,1.45
2,0,-1.32,0,1.45
2,0,-1.32,0,1.46
2,0,-1.32,0,1.47
3,0,-1.32,0,1.27
3,0,-1.32,0,0.52
3,0,-1.32,0,0.54
3,0,-1.32,0,0.54
3,0,-1.32,0,0.55
3,0,-1.32,0,0.55
3,0,-1.32,0,0.56
4,0,-1.32,0,0.56
4,0,-1.32,0,0.56
4,0,-1.32,0,0.55
4,0,-1.32,0,0.68
4,0,-1.32,0,1.46
4,0,-1.32,0,1.46
5,0,-1.32,0,1.46
5,0,-1.32,0,1.45
5,0,-1.32,0,1.45
5,0,-1.32,0,1.45
5,0,-1.32,0,1.45
5,0,-1.32,0,1.45
6,0,-1.32,0,1.44
6,0,-1.32,0,1.46
6,0,-1.32,0,1.46
6,0,-1.32,0,0.51
6,0,-1.32,0,0.49
6,0,-1.32,0,0.5
6,0,-1.32,0,0.51
7,0,-1.32,0,0.52
7,0,-1.32,0,0.52
7,0,-1.32,0,0.52
7,0,-1.32,0,1.46
7,0,-1.32,0,1.46
7,0,-1.32,0,1.45
8,0,-1.32,0,1.45
8,0,-1.32,0,1.45
8,0,-1.32,0,1.46
8,0,-1.32,0,1.47
8,0,-1.32,0,1.46
8,0,-1.32,0,0.48
9,0,-1.32,0,0.49
9,0,-1.32,0,0.5
9,0,-1.32,0,0.51
9,0,-1.32,0,0.52
9,0,-1.32,0,0.52
9,0,-1.32,0,0.53
9,0,-1.32,0,0.52
10,0,-1.32,0,0.52
10,0,-1.32,0,1.46
10,0,-1.32,0,1.45
10,0,-1.32,0,1.45
10,0,-1.32,0,1.45
10,0,-1.32,0,1.46
11,0,-1.32,0,1.46
11,0,-1.32,0,1.46
11,0,-1.32,0,1.45
11,0,-1.32,0,0.48
11,0,-1.32,0,0.5
11,0,-1.32,0,0.52
11,0,-1.32,0,1.46
12,0,-1.32,0,1.46
12,0,-1.32,0,0.5
12,0,-1.32,0,0.51
12,0,-1.32,0,0.52
12,0,-1.32,0,1.45
12,0,-1.32,0,1.45
13,0,-1.32,0,1.46
13,0,-1.32,0,1.45
13,0,-1.32,0,1.45
13,0,-1.32,0,1.45
13,0,-1.32,0,1.45
13,0,-1.32,0,1.45
14,0,-1.32,0,1.45
14,0,-1.32,0,1.45
14,0,-1.32,0,1.45
14,0,-1.32,0,1.45
14,0,-1.32,0,1.45
14,0,-1.32,0,1.45
14,0,-1.32,0,1.45
15,0,-1.32,0,1.45
15,0,-1.32,0,1.45
15,0,-1.32,0,1.45
15,0,-1.32,0,1.45
15,0,-1.32,0,1.45
15,0,-1.32,0,1.44
16,0,-1.32,0,1.44
16,0,-1.32,0,1.45
16,0,-1.32,0,1.45
16,0,-1.32,0,1.44
16,0,-1.32,0,1.44
16,0,-1.32,0,1.44
17,0,-1.32,0,1.44
17,0,-1.32,0,1.44
17,0,-1.32,0,1.44
17,0,-1.32,0,1.44
17,0,-1.32,0,1.44
17,0,-1.32,0,1.43
17,0,-1.32,0,1.44
18,0,-1.32,0,1.44
18,0,-1.32,0,1.45
18,0,-1.32,0,1.45
18,0,-1.32,0,1.45
18,0,-1.32,0,1.45
18,0,-1.32,0,1.43
19,0,-1.32,0,1.34
19,0,-1.32,0,1.27
19,0,-1.32,0,1.2
19,0,-1.32,0,1.2
19,0,-1.32,0,1.18
19,0,-1.32,0,1.18
20,0,-1.32,0,1.23
20,0,-1.32,0,1.25
20,0,-1.32,0,1.25
20,0,-1.32,0,1.21
20,0,-1.32,0,1.2
20,0,-1.32,0,1.29
20,0,-1.32,0,1.35
21,0,-1.32,0,1.35
21,0,-1.32,0,1.35
21,0,-1.32,0,1.34
21,0,-1.32,0,1.3
21,0,-1.32,0,1.32
21,0,-1.32,0,1.32
22,0,-1.32,0,1.32
22,0,-1.32,0,1.34
22,0,-1.32,0,1.34
22,0,-1.32,0,1.33
22,0,-1.32,0,1.33
22,0,-1.32,0,1.31
23,0,-1.32,0,1.29
23,0,-1.32,0,1.29
23,0,-1.32,0,1.26
23,0,-1.32,0,1.24
23,0,-1.32,0,1.24
23,0,-1.32,0,1.24
23,0,-1.32,0,1.23
24,0,-1.32,0,1.28
24,0,-1.32,0,1.4
24,0,-1.32,0,1.42
24,0,-1.32,0,1.3
24,0,-1.32,0,1.36
24,0,-1.32,0,1.36
25,0,-1.32,0,1.35
25,0,-1.32,0,1.39
25,0,-1.32,0,1.39
25,0,-1.32,0,1.38
25,0,-1.32,0,1.39
25,0,-1.32,0,1.39
25,0,-1.32,0,1.39
26,0,-1.32,0,1.4
26,0,-1.32,0,1.4
26,0,-1.32,0,1.43
26,0,-1.32,0,1.44
26,0,-1.32,0,1.43
26,0,-1.32,0,1.43
27,0,-1.32,0,1.43
27,0,-1.32,0,1.38
27,0,-1.32,0,1.35
27,0,-1.32,0,1.45
27,0,-1.32,0,1.46
27,0,-1.32,0,1.47
28,0,-1.32,0,1.46
28,0,-1.32,0,1.46
28,0,-1.32,0,1.45
28,0,-1.32,0,1.45
28,0,-1.32,0,1.44
28,0,-1.32,0,1.44
28,0,-1.32,0,1.14
29,0,-1.32,0,0.98
29,0,-1.32,0,0.94
29,0,-1.32,0,0.95
29,0,-1.32,0,0.95
29,0,-1.32,0,0.95
29,0,-1.32,0,0.96
30,0,-1.32,0,1.13
30,0,-1.32,0,1.44
30,0,-1.32,0,1.45
30,0,-1.32,0,1.37
30,0,-1.32,0,1.22
30,0,-1.32,0,1.19
31,0,-1.32,0,1.21
31,0,-1.32,0,1.19
31,0,-1.32,0,1.12
31,0,-1.32,0,1.12
31,0,-1.32,0,1.15
31,0,-1.32,0,1.15
31,0,-1.32,0,1.29
32,0,-1.32,0,1.5
32,0,-1.32,0,1.51
32,0,-1.32,0,1.53
32,0,-1.32,0,1.54
32,0,-1.32,0,1.54
32,0,-1.32,0,1.55
33,0,-1.32,0,1.55
33,0,-1.32,0,1.55
33,0,-1.32,0,1.55
33,0,-1.32,0,1.55
33,0,-1.32,0,1.55
33,0,-1.32,0,1.54
34,0,-1.32,0,1.53
34,0,-1.32,0,1.52
34,0,-1.32,0,1.45
34,0,-1.32,0,1.11
34,0,-1.32,0,1.07
34,0,-1.32,0,1.06
34,0,-1.32,0,1.03
35,0,-1.32,0,1.06
35,0,-1.32,0,1.1
35,0,-1.32,0,1.1
35,0,-1.32,0,1.08
35,0,-1.32,0,1.02
35,0,-1.32,0,0.9
36,0,-1.32,0,0.86
36,0,-1.32,0,0.79
36,0,-1.32,0,0.8
36,0,-1.32,0,0.78
36,0,-1.32,0,0.87
36,0,-1.32,0,1.18
37,0,-1.32,0,1.32
37,0,-1.32,0,1.4
37,0,-1.32,0,1.45
37,0,-1.32,0,1.49
37,0,-1.32,0,1.52
37,0,-1.32,0,1.53
37,0,-1.32,0,1.55
38,0,-1.32,0,1.55
38,0,-1.32,0,1.55
38,0,-1.32,0,1.56
38,0,-1.32,0,1.58
38,0,-1.32,0,1.6
38,0,-1.32,0,0
39,0,-1.32,0,0
39,0,-1.32,0,0
39,0,-1.32,0,0
39,0,-1.32,0,0
39,0,-1.32,0,0
39,0,-1.32,0,0
39,0,-1.32,0,0
40,0,-1.32,0,0
40,0,-1.32,0,0
40,0,-1.32,0,0
40,0,-1.32,0,0
40,0,-1.32,0,0
40,0,-1.32,0,0
41,0,-1.32,0,0
41,0,-1.32,0,0
41,0,-1.32,0,0
41,0,-1.32,0,0
41,0,-1.32,0,0
41,0,-1.32,0,0
42,0,-1.32,0,0
42,0,-1.32,0,0
42,0,-1.32,0,0
42,0,-1.32,0,0
42,0,-1.32,0,0
42,0,-1.32,0,0
42,0,-1.32,0,0
43,0,-1.32,0,0
43,0,-1.32,0,0
43,0,-1.32,0,0
43,0,-1.32,0,0
43,0,-1.32,0,0
43,0,-1.32,0,0
44,0,-1.32,0,0
44,0,-1.32,0,0
44,0,-1.32,0,0
44,0,-1.32,0,0
44,0,-1.32,0,0
44,0,-1.32,0,0
45,0,-1.32,0,0
45,0,-1.32,0,0
45,0,-1.32,0,0
45,0,-1.32,0,0
45,0,-1.32,0,0
45,0,-1.32,0,0
45,0,-1.32,0,0
46,0,-1.32,0,0
46,0,-1.32,0,0
46,0,-1.32,0,0
46,0,-1.32,0,0
46,0,-1.32,0,0
46,0,-1.32,0,0
47,0,-1.32,0,0
47,0,-1.32,0,0
47,0,-1.32,0,0
47,0,-1.32,0,0
47,0,-1.32,0,0
47,0,-1.32,0,0
48,0,-1.32,0,0
48,0,-1.32,0,0
48,0,-1.32,0,0
48,0,-1.32,0,0
48,0,-1.32,0,0
48,0,-1.32,0,0
48,0,-1.32,0,0
49,0,-1.32,0,0
49,0,-1.32,0,0
49,0,-1.32,0,0
49,0,-1.32,0,0
49,0,-1.32,0,0
49,0,-1.32,0,0
50,0,-1.32,0,0
50,0,-1.32,0,0
50,0,-1.32,0,0
50,0,-1.32,0,0
50,0,-1.32,0,0
50,0,-1.32,0,0
51,0,-1.32,0,0
51,0,-1.32,0,0
51,0,-1.32,0,0
51,0,-1.32,0,0
51,0,-1.32,0,0
51,0,-1.32,0,0
51,0,-1.32,0,0
52,0,-1.32,0,0
52,0,-1.32,0,0
52,0,-1.32,0,0
52,0,-1.32,0,0
52,0,-1.32,0,0
52,0,-1.32,0,0
53,0,-1.32,0,0
53,0,-1.32,0,0
53,0,-1.32,0,0
53,0,-1.32,0,0
53,0,-1.32,0,0
53,0,-1.32,0,0
53,0,-1.32,0,0
54,0,-1.32,0,0
54,0,-1.32,0,0
54,0,-1.32,0,0
54,0,-1.32,0,0
54,0,-1.32,0,0
54,0,-1.32,0,0
55,0,-1.32,0,0
55,0,-1.32,0,0
55,0,-1.32,0,0
55,0,-1.32,0,0
55,0,-1.32,0,0
55,0,-1.32,0,0
56,0,-1.32,0,0
56,0,-1.32,0,0
56,0,-1.32,0,0
56,0,-1.32,0,0
56,0,-1.32,0,0
56,0,-1.32,0,0.58
56,0,-1.32,0,0.92
57,0,-1.32,0,1.1
57,0,-1.32,0,1.2
57,0,-1.32,0,1.28
57,0,-1.32,0,1.32
57,0,-1.32,0,1.35
57,0,-1.32,0,1.4
58,0,-1.32,0,1.41
58,0,-1.32,0,0.64
58,0,-1.32,0,0.69
58,0,-1.32,0,0.68
58,0,-1.32,0,0.69
58,0,-1.32,0,0.7
59,0,-1.32,0,0.8
59,0,-1.32,0,0.98
59,0,-1.32,0,1.42
59,0,-1.32,0,1.45
59,0,-1.32,0,1.44
59,0,-1.32,0,1.43
59,0,-1.32,0,1.42
60,0,-1.32,0,1.41
60,0,-1.32,0,1.41
60,0,-1.32,0,1.42
60,0,-1.32,0,1.42
60,0,-1.32,0,1.23
60,0,-1.32,0,0.52
61,0,-1.32,0,0.54
61,0,-1.32,0,0.55
61,0,-1.32,0,0.57
61,0,-1.32,0,0.57
61,0,-1.32,0,1.42
61,0,-1.32,0,1.42
62,0,-1.32,0,1.42
62,0,-1.32,0,1.42
62,0,-1.32,0,1.42
62,0,-1.32,0,1.41
62,0,-1.32,0,1.42
62,0,-1.32,0,0.84
62,0,-1.32,0,0.51
63,0,-1.32,0,0.53
63,0,-1.32,0,0.54
63,0,-1.32,0,0.55
63,0,-1.32,0,0.56
63,0,-1.32,0,0.56
63,0,-1.32,0,0.57
64,0,-1.32,0,1.13
64,0,-1.32,0,1.42
64,0,-1.32,0,1.42
64,0,-1.32,0,1.42
64,0,-1.32,0,1.42
64,0,-1.32,0,1.42
64,0,-1.32,0,1.42
65,0,-1.32,0,1.42
65,0,-1.32,0,0.51
65,0,-1.32,0,0.53
65,0,-1.32,0,0.54
65,0,-1.32,0,0.55
65,0,-1.32,0,0.55
66,0,-1.32,0,0.55
66,0,-1.32,0,1.42
66,0,-1.32,0,1.43
66,0,-1.32,0,1.43
66,0,-1.32,0,1.43
66,0,-1.32,0,1.4
67,0,-1.32,0,0.52
67,0,-1.32,0,0.54
67,0,-1.32,0,0.55
67,0,-1.32,0,0.55
67,0,-1.32,0,0.55
67,0,-1.32,0,0.56
67,0,-1.32,0,0.56
68,0,-1.32,0,0.56
68,0,-1.32,0,0.56
68,0,-1.32,0,0.57
68,0,-1.32,0,0.57
68,0,-1.32,0,0.57
68,0,-1.32,0,0.57
69,0,-1.32,0,0.57
69,0,-1.32,0,1.43
69,0,-1.32,0,1.42
69,0,-1.32,0,1.42
69,0,-1.32,0,1.39
69,0,-1.32,0,0.56
70,0,-1.32,0,0.53
70,0,-1.32,0,0.55
70,0,-1.32,0,0.55
70,0,-1.32,0,0.56
70,0,-1.32,0,1.42
70,0,-1.32,0,1.42
70,0,-1.32,0,1.42
71,0,-1.32,0,1.42
71,0,-1.32,0,1.42
71,0,-1.32,0,1.42
71,0,-1.32,0,0.49
71,0,-1.32,0,0.52
71,0,-1.32,0,0.52
72,0,-1.32,0,0.51
72,0,-1.32,0,0.5
72,0,-1.32,0,1.36
72,0,-1.32,0,1.38
72,0,-1.32,0,1.4
72,0,-1.32,0,1.4
73,0,-1.32,0,1.41
73,0,-1.32,0,1.41
73,0,-1.32,0,1.42
73,0,-1.32,0,1.43
73,0,-1.32,0,1.43
73,0,-1.32,0,1.42
73,0,-1.32,0,0.55
74,0,-1.32,0,0.57
74,0,-1.32,0,0.58
74,0,-1.32,0,0.58
74,0,-1.32,0,0.58
74,0,-1.32,0,0.59
74,0,-1.32,0,1.42
75,0,-1.32,0,1.43
75,0,-1.32,0,1.43
75,0,-1.32,0,1.43
75,0,-1.32,0,1.4
75,0,-1.32,0,1.36
75,0,-1.32,0,0.48
76,0,-1.32,0,0.5
76,0,-1.32,0,0.52
76,0,-1.32,0,0.52
76,0,-1.32,0,1.43
76,0,-1.32,0,1.44
76,0,-1.32,0,0.92
76,0,-1.32,0,0.76
77,0,-1.32,0,0.88
77,0,-1.32,0,1.44
77,0,-1.32,0,1.45
77,0,-1.32,0,1.46
77,0,-1.32,0,1.48
77,0,-1.32,0,1.46
78,0,-1.32,0,0.49
78,0,-1.32,0,0.5
78,0,-1.32,0,0.5
78,0,-1.32,0,0.5
78,0,-1.32,0,0.51
78,0,-1.32,0,0.52
78,0,-1.32,0,0.52
79,0,-1.32,0,0.53
79,0,-1.32,0,0.53
79,0,-1.32,0,0.53
79,0,-1.32,0,1.45
79,0,-1.32,0,1.45
79,0,-1.32,0,1.45
80,0,-1.32,0,1.45
80,0,-1.32,0,1.45
80,0,-1.32,0,1.45
80,0,-1.32,0,1.45
80,0,-1.32,0,1.46
80,0,-1.32,0,1.45
81,0,-1.32,0,1.45
81,0,-1.32,0,1.45
81,0,-1.32,0,1.45
81,0,-1.32,0,1.45
81,0,-1.32,0,1.45
81,0,-1.32,0,1.45
81,0,-1.32,0,1.45
82,0,-1.32,0,1.45
82,0,-1.32,0,1.45
82,0,-1.32,0,1.45
82,0,-1.32,0,1.45
82,0,-1.32,0,1.45
82,0,-1.32,0,1.45
83,0,-1.32,0,1.44
83,0,-1.32,0,1.45
83,0,-1.32,0,1.45
83,0,-1.32,0,1.45
83,0,-1.32,0,1.45
83,0,-1.32,0,1.45
84,0,-1.32,0,1.45
84,0,-1.32,0,1.45
84,0,-1.32,0,1.45
84,0,-1.32,0,1.45
84,0,-1.32,0,1.45
84,0,-1.32,0,1.45
84,0,-1.32,0,1.45
85,0,-1.32,0,1.44
85,0,-1.32,0,1.44
85,0,-1.32,0,1.43
85,0,-1.32,0,1.42
85,0,-1.32,0,1.41
85,0,-1.32,0,1.4
86,0,-1.32,0,1.4
86,0,-1.32,0,1.41
86,0,-1.32,0,1.42
86,0,-1.32,0,1.43
86,0,-1.32,0,1.44
86,0,-1.32,0,1.45
87,0,-1.32,0,1.45
87,0,-1.32,0,1.45
87,0,-1.32,0,1.45
87,0,-1.32,0,1.45
87,0,-1.32,0,1.45
87,0,-1.32,0,1.45
87,0,-1.32,0,1.45
88,0,-1.32,0,1.45
88,0,-1.32,0,1.45
88,0,-1.32,0,1.45
88,0,-1.32,0,1.45
88,0,-1.32,0,1.45
88,0,-1.32,0,1.45
89,0,-1.32,0,1.46
89,0,-1.32,0,1.46
89,0,-1.32,0,1.46
89,0,-1.32,0,1.41
89,0,-1.32,0,1.46
89,0,-1.32,0,1.46
89,0,-1.32,0,1.46
90,0,-1.32,0,1.46
90,0,-1.32,0,1.45
90,0,-1.32,0,1.46
90,0,-1.32,0,1.45
90,0,-1.32,0,1.42
90,0,-1.32,0,1.14
91,0,-1.32,0,1.13
91,0,-1.32,0,1.01
91,0,-1.32,0,1.02
91,0,-1.32,0,1.2
91,0,-1.32,0,1.45
91,0,-1.32,0,1.46
92,0,-1.32,0,1.46
92,0,-1.32,0,1.46
92,0,-1.32,0,1.46
92,0,-1.32,0,1.46
92,0,-1.32,0,1.44
92,0,-1.32,0,1.45
92,0,-1.32,0,1.45
93,0,-1.32,0,1.45
93,0,-1.32,0,1.45
93,0,-1.32,0,1.45
93,0,-1.32,0,1.45
93,0,-1.32,0,1.44
93,0,-1.32,0,1.43
94,0,-1.32,0,1.43
94,0,-1.32,0,1.43
94,0,-1.32,0,1.43
94,0,-1.32,0,1.43
94,0,-1.32,0,1.44
94,0,-1.32,0,1.46
95,0,-1.32,0,1.45
95,0,-1.32,0,1.4
95,0,-1.32,0,1.44
95,0,-1.32,0,1.45
95,0,-1.32,0,1.45
95,0,-1.32,0,1.44
95,0,-1.32,0,1.44
96,0,-1.32,0,1.45
96,0,-1.32,0,1.44
96,0,-1.32,0,1.44
96,0,-1.32,0,1.44
96,0,-1.32,0,1.44
96,0,-1.32,0,1.44
97,0,-1.32,0,1.44
97,0,-1.32,0,1.44
97,0,-1.32,0,1.43
97,0,-1.32,0,1.43
97,0,-1.32,0,1.43
97,0,-1.32,0,1.43
98,0,-1.32,0,1.43
98,0,-1.32,0,1.43
98,0,-1.32,0,1.42
98,0,-1.32,0,1.43
98,0,-1.32,0,1.43
98,0,-1.32,0,1.43
98,0,-1.32,0,1.43
99,0,-1.32,0,1.42
99,0,-1.32,0,1.4
99,0,-1.32,0,1.37
99,0,-1.32,0,1.35
99,0,-1.32,0,1.34
99,0,-1.32,0,1.35
100,0,-1.32,0,1.35
100,0,-1.32,0,1.36
100,0,-1.32,0,1.36
100,0,-1.32,0,1.36
100,0,-1.32,0,1.37
100,0,-1.32,0,1.37
101,0,-1.32,0,1.36
101,0,-1.32,0,1.37
101,0,-1.32,0,1.36
101,0,-1.32,0,1.36
101,0,-1.32,0,1.37
101,0,-1.32,0,1.37
101,0,-1.32,0,1.37
102,0,-1.32,0,1.37
102,0,-1.32,0,1.37
102,0,-1.32,0,1.37
102,0,-1.32,0,1.37
102,0,-1.32,0,1.37
102,0,-1.32,0,1.37
103,0,-1.32,0,1.37
103,0,-1.32,0,1.37
103,0,-1.32,0,1.37
103,0,-1.32,0,1.38
103,0,-1.32,0,1.37
103,0,-1.32,0,1.37
103,0,-1.32,0,1.37
104,0,-1.32,0,1.37
104,0,-1.32,0,1.37
104,0,-1.32,0,1.36
104,0,-1.32,0,1.36
104,0,-1.32,0,1.36
104,0,-1.32,0,1.36
105,0,-1.32,0,1.36
105,0,-1.32,0,1.37
105,0,-1.32,0,1.36
105,0,-1.32,0,1.36
105,0,-1.32,0,1.36
105,0,-1.32,0,1.36
106,0,-1.32,0,1.36
106,0,-1.32,0,1.36
106,0,-1.32,0,1.36
106,0,-1.32,0,1.36
106,0,-1.32,0,1.37
106,0,-1.32,0,1.36
106,0,-1.32,0,1.36
107,0,-1.32,0,1.36
107,0,-1.32,0,1.36
107,0,-1.32,0,1.37
107,0,-1.32,0,1.36
107,0,-1.32,0,1.37
107,0,-1.32,0,1.37
108,0,-1.32,0,1.37
108,0,-1.32,0,1.37
108,0,-1.32,0,1.36
108,0,-1.32,0,1.37
108,0,-1.32,0,1.37
108,0,-1.32,0,1.37
109,0,-1.32,0,1.37
109,0,-1.32,0,1.36
109,0,-1.32,0,1.37
109,0,-1.32,0,1.37
109,0,-1.32,0,1.37
109,0,-1.32,0,1.37
109,0,-1.32,0,1.34
110,0,-1.32,0,1.37
110,0,-1.32,0,1.37
110,0,-1.32,0,1.37
110,0,-1.32,0,1.37
110,0,-1.32,0,1.37
110,0,-1.32,0,1.37
111,0,-1.32,0,1.37
111,0,-1.32,0,1.37
111,0,-1.32,0,1.37
111,0,-1.32,0,1.37
111,0,-1.32,0,1.37
111,0,-1.32,0,1.37
112,0,-1.32,0,1.37
112,0,-1.32,0,1.38
112,0,-1.32,0,1.37
112,0,-1.32,0,1.37
112,0,-1.32,0,1.38
112,0,-1.32,0,1.4
112,0,-1.32,0,1.42
113,0,-1.32,0,1.43
113,0,-1.32,0,1.44
113,0,-1.32,0,1.44
113,0,-1.32,0,1.44
113,0,-1.32,0,1.44
113,0,-1.32,0,1.43
114,0,-1.32,0,1.42
114,0,-1.32,0,1.41
114,0,-1.32,0,1.4
114,0,-1.32,0,1.38
114,0,-1.32,0,1.37
114,0,-1.32,0,1.37
115,0,-1.32,0,1.37
115,0,-1.32,0,1.38
115,0,-1.32,0,1.4
115,0,-1.32,0,1.42
115,0,-1.32,0,1.43
115,0,-1.32,0,1.44
115,0,-1.32,0,1.44
116,0,-1.32,0,1.43
116,0,-1.32,0,1.43
116,0,-1.32,0,1.42
116,0,-1.32,0,1.41
116,0,-1.32,0,1.41
116,0,-1.32,0,1.41
117,0,-1.32,0,1.41
117,0,-1.32,0,1.41
117,0,-1.32,0,1.41
117,0,-1.32,0,1.42
117,0,-1.32,0,1.42
117,0,-1.32,0,1.42
117,0,-1.32,0,1.42
118,0,-1.32,0,1.41
118,0,-1.32,0,1.36
118,0,-1.32,0,1.42
118,0,-1.32,0,1.43
118,0,-1.32,0,1.43
118,0,-1.32,0,1.42
119,0,-1.32,0,1.42
119,0,-1.32,0,1.42
119,0,-1.32,0,1.42
119,0,-1.32,0,1.43
119,0,-1.32,0,1.43
119,0,-1.32,0,1.43
120,0,-1.32,0,1.43
120,0,-1.32,0,1.42
120,0,-1.32,0,1.42
120,0,-1.32,0,1.42
120,0,-1.32,0,1.42
120,0,-1.32,0,1.42
120,0,-1.32,0,1.42
121,0,-1.32,0,1.42
121,0,-1.32,0,1.42
121,0,-1.32,0,1.42
121,0,-1.32,0,1.42
121,0,-1.32,0,1.42
121,0,-1.32,0,1.42
122,0,-1.32,0,1.42
122,0,-1.32,0,1.42
122,0,-1.32,0,1.42
122,0,-1.32,0,1.42
122,0,-1.32,0,1.42
122,0,-1.32,0,1.42
123,0,-1.32,0,1.42
123,0,-1.32,0,1.42
123,0,-1.32,0,1.41
123,0,-1.32,0,1.41
123,0,-1.32,0,1.43
123,0,-1.32,0,1.44
123,0,-1.32,0,1.44
124,0,-1.32,0,1.44
124,0,-1.32,0,1.45
124,0,-1.32,0,1.45
124,0,-1.32,0,1.45
124,0,-1.32,0,1.45
124,0,-1.32,0,1.45
125,0,-1.32,0,1.44
125,0,-1.32,0,1.43
125,0,-1.32,0,1.4
125,0,-1.32,0,1.37
125,0,-1.32,0,1.36
125,0,-1.32,0,1.36
126,0,-1.32,0,1.35
126,0,-1.32,0,1.36
126,0,-1.32,0,1.36
126,0,-1.32,0,1.36
126,0,-1.32,0,1.36
126,0,-1.32,0,1.38
126,0,-1.32,0,1.39
127,0,-1.32,0,1.39
127,0,-1.32,0,1.39
127,0,-1.32,0,1.37
127,0,-1.32,0,1.36
127,0,-1.32,0,1.34
127,0,-1.32,0,1.35
128,0,-1.32,0,1.37
128,0,-1.32,0,1.39
128,0,-1.32,0,1.4
128,0,-1.32,0,1.4
128,0,-1.32,0,1.39
128,0,-1.32,0,1.37
128,0,-1.32,0,1.35
129,0,-1.32,0,1.34
129,0,-1.32,0,1.33
129,0,-1.32,0,1.34
129,0,-1.32,0,1.33
129,0,-1.32,0,1.33
129,0,-1.32,0,1.32
130,0,-1.32,0,1.33
130,0,-1.32,0,1.34
130,0,-1.32,0,1.34
130,0,-1.32,0,1.33
130,0,-1.32,0,1.34
130,0,-1.32,0,1.34
131,0,-1.32,0,1.34
131,0,-1.32,0,1.34
131,0,-1.32,0,1.34
131,0,-1.32,0,1.34
131,0,-1.32,0,1.34
131,0,-1.32,0,1.34
131,0,-1.32,0,1.33
132,0,-1.32,0,1.33
132,0,-1.32,0,1.32
132,0,-1.32,0,1.31
132,0,-1.32,0,1.24
132,0,-1.32,0,1.15
132,0,-1.32,0,1.16
133,0,-1.32,0,0.97
133,0,-1.32,0,1
133,0,-1.32,0,1.17
133,0,-1.32,0,1.19
133,0,-1.32,0,1.19
133,0,-1.32,0,1.19
134,0,-1.32,0,1.2
134,0,-1.32,0,0.99
134,0,-1.32,0,1.16
134,0,-1.32,0,1.2
134,0,-1.32,0,1.2
134,0,-1.32,0,1.19
134,0,-1.32,0,1.19
135,0,-1.32,0,1.19
135,0,-1.32,0,1.19
135,0,-1.32,0,1.19
135,0,-1.32,0,1.18
135,0,-1.32,0,1.19
135,0,-1.32,0,1.19
136,0,-1.32,0,1.19
136,0,-1.32,0,1.19
136,0,-1.32,0,1.19
136,0,-1.32,0,1.19
136,0,-1.32,0,1.19
136,0,-1.32,0,1.19
137,0,-1.32,0,1.19
137,0,-1.32,0,1.22
137,0,-1.32,0,1.26
137,0,-1.32,0,1.3
137,0,-1.32,0,1.32
137,0,-1.32,0,1.33
137,0,-1.32,0,1.33
138,0,-1.32,0,1.33
138,0,-1.32,0,1.32
138,0,-1.32,0,1.3
138,0,-1.32,0,1.42
138,0,-1.32,0,1.43
138,0,-1.32,0,1.43
139,0,-1.32,0,1.43
139,0,-1.32,0,1.42
139,0,-1.32,0,1.41
139,0,-1.32,0,1.38
139,0,-1.32,0,1.37
139,0,-1.32,0,1.35
140,0,-1.32,0,1.33
140,0,-1.32,0,1.32
140,0,-1.32,0,1.32
140,0,-1.32,0,1.34
140,0,-1.32,0,1.34
140,0,-1.32,0,1.34
140,0,-1.32,0,1.34
141,0,-1.32,0,1.29
141,0,-1.32,0,1.34
141,0,-1.32,0,1.34
141,0,-1.32,0,1.34
141,0,-1.32,0,1.35
141,0,-1.32,0,1.36
142,0,-1.32,0,1.37
142,0,-1.32,0,1.39
142,0,-1.32,0,1.4
142,0,-1.32,0,1.41
142,0,-1.32,0,1.41
142,0,-1.32,0,1.41
143,0,-1.32,0,1.41
143,0,-1.32,0,1.41
143,0,-1.32,0,1.41
143,0,-1.32,0,1.41
143,0,-1.32,0,1.41
143,0,-1.32,0,1.41
143,0,-1.32,0,1.41
144,0,-1.32,0,1.4
144,0,-1.32,0,1.4
144,0,-1.32,0,1.4
144,0,-1.32,0,1.41
144,0,-1.32,0,1.4
144,0,-1.32,0,1.4
145,0,-1.32,0,1.41
145,0,-1.32,0,1.41
145,0,-1.32,0,1.41
145,0,-1.32,0,1.41
145,0,-1.32,0,1.41
145,0,-1.32,0,1.4
145,0,-1.32,0,1.4
146,0,-1.32,0,1.4
146,0,-1.32,0,1.4
146,0,-1.32,0,1.4
146,0,-1.32,0,1.4
146,0,-1.32,0,1.4
146,0,-1.32,0,1.39
147,0,-1.32,0,1.39
147,0,-1.32,0,1.39
147,0,-1.32,0,1.4
147,0,-1.32,0,1.4
147,0,-1.32,0,1.4
147,0,-1.32,0,1.4
148,0,-1.32,0,1.4
148,0,-1.32,0,1.39
148,0,-1.32,0,1.39
148,0,-1.32,0,1.39
148,0,-1.32,0,1.39
148,0,-1.32,0,1.4
148,0,-1.32,0,1.41
149,0,-1.32,0,1.41
149,0,-1.32,0,1.4
149,0,-1.32,0,1.37
149,0,-1.32,0,1.35
149,0,-1.32,0,1.32
149,0,-1.32,0,1.3
150,0,-1.32,0,1.28
150,0,-1.32,0,1.3
150,0,-1.32,0,1.32
150,0,-1.32,0,1.35
150,0,-1.32,0,1.37
150,0,-1.32,0,1.4
151,0,-1.32,0,1.43
151,0,-1.32,0,1.45
151,0,-1.32,0,1.46
151,0,-1.32,0,1.47
151,0,-1.32,0,1.47
151,0,-1.32,0,1.46
151,0,-1.32,0,1.45
152,0,-1.32,0,1.45
152,0,-1.32,0,1.45
152,0,-1.32,0,1.47
152,0,-1.32,0,1.48
152,0,-1.32,0,1.48
152,0,-1.32,0,1.48
153,0,-1.32,0,1.47
153,0,-1.32,0,1.46
153,0,-1.32,0,1.45
153,0,-1.32,0,1.44
153,0,-1.32,0,1.42
153,0,-1.32,0,1.4
154,0,-1.32,0,1.4
154,0,-1.32,0,1.39
154,0,-1.32,0,1.4
154,0,-1.32,0,1.4
154,0,-1.32,0,1.4
154,0,-1.32,0,1.4
154,0,-1.32,0,1.41
155,0,-1.32,0,1.41
155,0,-1.32,0,1.41
155,0,-1.32,0,1.4
155,0,-1.32,0,1.4
155,0,-1.32,0,1.39
155,0,-1.32,0,1.39
156,0,-1.32,0,1.4
156,0,-1.32,0,1.4
156,0,-1.32,0,1.4
156,0,-1.32,0,1.42
156,0,-1.32,0,1.42
156,0,-1.32,0,1.4
157,0,-1.32,0,1.4
157,0,-1.32,0,1.42
157,0,-1.32,0,1.41
157,0,-1.32,0,1.43
157,0,-1.32,0,1.45
157,0,-1.32,0,1.47
157,0,-1.32,0,1.48
158,0,-1.32,0,1.48
158,0,-1.32,0,1.48
158,0,-1.32,0,1.49
158,0,-1.32,0,1.49
158,0,-1.32,0,1.48
158,0,-1.32,0,1.48
159,0,-1.32,0,1.47
159,0,-1.32,0,1.48
159,0,-1.32,0,1.48
159,0,-1.32,0,1.47
159,0,-1.32,0,1.48
159,0,-1.32,0,1.48
160,0,-1.32,0,1.48
160,0,-1.32,0,1.47
160,0,-1.32,0,1.48
160,0,-1.32,0,1.47
160,0,-1.32,0,1.48
160,0,-1.32,0,1.48
160,0,-1.32,0,1.48
161,0,-1.32,0,1.48
161,0,-1.32,0,1.48
161,0,-1.32,0,1.47
161,0,-1.32,0,1.47
161,0,-1.32,0,1.47
161,0,-1.32,0,1.46
162,0,-1.32,0,1.46
162,0,-1.32,0,1.47
162,0,-1.32,0,1.47
162,0,-1.32,0,1.48
162,0,-1.32,0,1.49
162,0,-1.32,0,1.49
162,0,-1.32,0,1.48
163,0,-1.32,0,1.48
163,0,-1.32,0,1.48
163,0,-1.32,0,1.47
163,0,-1.32,0,1.47
163,0,-1.32,0,1.47
163,0,-1.32,0,1.47
164,0,-1.32,0,1.47
164,0,-1.32,0,1.47
164,0,-1.32,0,1.47
164,0,-1.32,0,1.47
164,0,-1.32,0,1.47
164,0,-1.32,0,1.46
165,0,-1.32,0,1.45
165,0,-1.32,0,1.42
165,0,-1.32,0,1.38
165,0,-1.32,0,1.35
165,0,-1.32,0,1.34
165,0,-1.32,0,1.33
165,0,-1.32,0,1.32
166,0,-1.32,0,1.36
166,0,-1.32,0,1.39
166,0,-1.32,0,1.42
166,0,-1.32,0,1.45
166,0,-1.32,0,1.48
166,0,-1.32,0,1.5
167,0,-1.32,0,1.51
167,0,-1.32,0,1.52
167,0,-1.32,0,1.52
167,0,-1.32,0,1.52
167,0,-1.32,0,1.52
167,0,-1.32,0,1.52
168,0,-1.32,0,1.52
168,0,-1.32,0,1.52
168,0,-1.32,0,1.52
168,0,-1.32,0,1.52
168,0,-1.32,0,1.51
168,0,-1.32,0,1.51
168,0,-1.32,0,1.52
169,0,-1.32,0,1.52
169,0,-1.32,0,1.52
169,0,-1.32,0,1.52
169,0,-1.32,0,1.52
169,0,-1.32,0,1.52
169,0,-1.32,0,1.52
170,0,-1.32,0,1.52
170,0,-1.32,0,1.52
170,0,-1.32,0,1.51
170,0,-1.32,0,1.49
170,0,-1.32,0,1.49
170,0,-1.32,0,1.49
171,0,-1.32,0,1.49
171,0,-1.32,0,1.49
171,0,-1.32,0,1.49
171,0,-1.32,0,1.49
171,0,-1.32,0,1.49
171,0,-1.32,0,1.49
171,0,-1.32,0,1.49
172,0,-1.32,0,1.49
172,0,-1.32,0,1.48
172,0,-1.32,0,1.48
172,0,-1.32,0,1.47
172,0,-1.32,0,1.47
172,0,-1.32,0,1.47
173,0,-1.32,0,1.47
173,0,-1.32,0,1.48
173,0,-1.32,0,1.48
173,0,-1.32,0,1.48
173,0,-1.32,0,1.47
173,0,-1.32,0,1.47
173,0,-1.32,0,1.48
174,0,-1.32,0,1.47
174,0,-1.32,0,1.47
174,0,-1.32,0,1.47
174,0,-1.32,0,1.46
174,0,-1.32,0,1.46
174,0,-1.32,0,1.46
175,0,-1.32,0,1.46
175,0,-1.32,0,1.46
175,0,-1.32,0,1.46
175,0,-1.32,0,1.46
175,0,-1.32,0,1.46
175,0,-1.32,0,1.46
176,0,-1.32,0,1.46
176,0,-1.32,0,1.46
176,0,-1.32,0,1.46
176,0,-1.32,0,1.46
176,0,-1.32,0,1.46
176,0,-1.32,0,1.46
176,0,-1.32,0,1.46
177,0,-1.32,0,1.46
177,0,-1.32,0,1.46
177,0,-1.32,0,1.46
177,0,-1.32,0,1.46
177,0,-1.32,0,1.46
177,0,-1.32,0,1.46
178,0,-1.32,0,1.46
178,0,-1.32,0,1.46
178,0,-1.32,0,1.46
178,0,-1.32,0,1.46
178,0,-1.32,0,1.46
178,0,-1.32,0,1.45
179,0,-1.32,0,1.45
179,0,-1.32,0,1.45
179,0,-1.32,0,1.45
179,0,-1.32,0,1.44
179,0,-1.32,0,1.43
179,0,-1.32,0,1.42
179,0,-1.32,0,1.41
180,0,-1.32,0,1.4
180,0,-1.32,0,1.39
180,0,-1.32,0,1.35
180,0,-1.32,0,1.36
180,0,-1.32,0,1.36
180,0,-1.32,0,1.4
181,0,-1.32,0,1.41
181,0,-1.32,0,1.42
181,0,-1.32,0,1.42
181,0,-1.32,0,1.43
181,0,-1.32,0,1.42
181,0,-1.32,0,1.42
182,0,-1.32,0,1.41
182,0,-1.32,0,1.41
182,0,-1.32,0,1.41
182,0,-1.32,0,1.4
182,0,-1.32,0,1.42
182,0,-1.32,0,1.41
182,0,-1.32,0,1.41
183,0,-1.32,0,1.41
183,0,-1.32,0,1.41
183,0,-1.32,0,1.41
183,0,-1.32,0,1.41
183,0,-1.32,0,1.41
183,0,-1.32,0,1.41
184,0,-1.32,0,1.41
184,0,-1.32,0,1.41
184,0,-1.32,0,1.41
184,0,-1.32,0,1.41
184,0,-1.32,0,1.41
184,0,-1.32,0,1.41
185,0,-1.32,0,1.41
185,0,-1.32,0,1.41
185,0,-1.32,0,1.41
185,0,-1.32,0,1.41
185,0,-1.32,0,1.41
185,0,-1.32,0,1.42
185,0,-1.32,0,1.42
186,0,-1.32,0,1.43
186,0,-1.32,0,1.43
186,0,-1.32,0,1.43
186,0,-1.32,0,1.43
186,0,-1.32,0,1.43
186,0,-1.32,0,1.42
187,0,-1.32,0,1.43
187,0,-1.32,0,1.43
187,0,-1.32,0,1.43
187,0,-1.32,0,1.43
187,0,-1.32,0,1.43
187,0,-1.32,0,1.43
188,0,-1.32,0,1.43
188,0,-1.32,0,1.42
188,0,-1.32,0,1.42
188,0,-1.32,0,1.42
188,0,-1.32,0,1.42
188,0,-1.32,0,1.42
188,0,-1.32,0,1.42
189,0,-1.32,0,1.42
189,0,-1.32,0,1.42
189,0,-1.32,0,1.42
189,0,-1.32,0,1.42
189,0,-1.32,0,1.42
189,0,-1.32,0,1.42
190,0,-1.32,0,1.42
190,0,-1.32,0,1.42
190,0,-1.32,0,1.42
190,0,-1.32,0,1.42
190,0,-1.32,0,1.42
190,0,-1.32,0,1.42
190,0,-1.32,0,1.42
191,0,-1.32,0,1.44
191,0,-1.32,0,1.42
191,0,-1.32,0,1.44
191,0,-1.32,0,1.45
191,0,-1.32,0,1.45
191,0,-1.32,0,1.46
192,0,-1.32,0,1.13
192,0,-1.32,0,0.93
192,0,-1.32,0,0.9
192,0,-1.32,0,0.94
192,0,-1.32,0,0.94
192,0,-1.32,0,0.87
193,0,-1.32,0,0.85
193,0,-1.32,0,1.39
193,0,-1.32,0,1.15
193,0,-1.32,0,0.96
193,0,-1.32,0,0.92
193,0,-1.32,0,0.88
193,0,-1.32,0,0.83
194,0,-1.32,0,0.81
194,0,-1.32,0,0.99
194,0,-1.32,0,1.23
194,0,-1.32,0,1.34
194,0,-1.32,0,1.41
194,0,-1.32,0,1.46
195,0,-1.32,0,1.5
195,0,-1.32,0,1.51
195,0,-1.32,0,1.51
195,0,-1.32,0,1.52
195,0,-1.32,0,1.54
195,0,-1.32,0,1.56
196,0,-1.32,0,1.56
196,0,-1.32,0,1.57
196,0,-1.32,0,1.57
196,0,-1.32,0,0
196,0,-1.32,0,0
196,0,-1.32,0,0
196,0,-1.32,0,0
197,0,-1.32,0,0
197,0,-1.32,0,0
197,0,-1.32,0,0
197,0,-1.32,0,0
197,0,-1.32,0,0
197,0,-1.32,0,0
198,0,-1.32,0,0
198,0,-1.32,0,0
198,0,-1.32,0,0
198,0,-1.32,0,0
198,0,-1.32,0,0
198,0,-1.32,0,0
199,0,-1.32,0,0
199,0,-1.32,0,0
199,0,-1.32,0,0
199,0,-1.32,0,0
199,0,-1.32,0,0
199,0,-1.32,0,0
199,0,-1.32,0,0
200,0,-1.32,0,0
200,0,-1.32,0,0
200,0,-1.32,0,0
200,0,-1.32,0,0
200,0,-1.32,0,0
200,0,-1.32,0,0
201,0,-1.32,0,0
201,0,-1.32,0,0
201,0,-1.32,0,0
201,0,-1.32,0,0
201,0,-1.32,0,0
201,0,-1.32,0,0
202,0,-1.32,0,0
202,0,-1.32,0,0
202,0,-1.32,0,0
202,0,-1.32,0,0
202,0,-1.32,0,0
202,0,-1.32,0,0
202,0,-1.32,0,0
203,0,-1.32,0,0
203,0,-1.32,0,0
203,0,-1.32,0,0
203,0,-1.32,0,0
203,0,-1.32,0,0
203,0,-1.32,0,0
204,0,-1.32,0,0
204,0,-1.32,0,0
204,0,-1.32,0,0
204,0,-1.32,0,0
204,0,-1.32,0,0
204,0,-1.32,0,0
204,0,-1.32,0,0
205,0,-1.32,0,0
205,0,-1.32,0,0
205,0,-1.32,0,0
205,0,-1.32,0,0
205,0,-1.32,0,0
205,0,-1.32,0,0
206,0,-1.32,0,0
206,0,-1.32,0,0
206,0,-1.32,0,0
206,0,-1.32,0,0
206,0,-1.32,0,0
206,0,-1.32,0,0
207,0,-1.32,0,0
207,0,-1.32,0,0
207,0,-1.32,0,0
207,0,-1.32,0,0
207,0,-1.32,0,0
207,0,-1.32,0,0
207,0,-1.32,0,0
208,0,-1.32,0,0
208,0,-1.32,0,0
208,0,-1.32,0,0
208,0,-1.32,0,0
208,0,-1.32,0,0
208,0,-1.32,0,0
209,0,-1.32,0,0
209,0,-1.32,0,0
209,0,-1.32,0,0
209,0,-1.32,0,0
209,0,-1.32,0,0
209,0,-1.32,0,0
210,0,-1.32,0,0
210,0,-1.32,0,0
210,0,-1.32,0,0
210,0,-1.32,0,0
210,0,-1.32,0,0
210,0,-1.32,0,0
210,0,-1.32,0,0
211,0,-1.32,0,0
211,0,-1.32,0,0
211,0,-1.32,0,0
211,0,-1.32,0,0
211,0,-1.32,0,0
211,0,-1.32,0,0
212,0,-1.32,0,0
212,0,-1.32,0,0
212,0,-1.32,0,0
212,0,-1.32,0,0
212,0,-1.32,0,0
212,0,-1.32,0,0
213,0,-1.32,0,0
213,0,-1.32,0,0
213,0,-1.32,0,0
213,0,-1.32,0,0
213,0,-1.32,0,0
213,0,-1.32,0,0
213,0,-1.32,0,0
214,0,-1.32,0,0
214,0,-1.32,0,0
214,0,-1.32,0,0
214,0,-1.32,0,0
214,0,-1.32,0,0
214,0,-1.32,0,0
215,0,-1.32,0,0
215,0,-1.32,0,0
215,0,-1.32,0,0
215,0,-1.32,0,0
215,0,-1.32,0,0
215,0,-1.32,0,0
215,0,-1.32,0,0
216,0,-1.32,0,0
216,0,-1.32,0,0
216,0,-1.32,0,0
216,0,-1.32,0,0
216,0,-1.32,0,0
216,0,-1.32,0,0
217,0,-1.32,0,0
217,0,-1.32,0,0
217,0,-1.32,0,0
217,0,-1.32,0,0
217,0,-1.32,0,0
217,0,-1.32,0,0
218,0,-1.32,0,0
218,0,-1.32,0,0
218,0,-1.32,0,0
218,0,-1.32,0,0
218,0,-1.32,0,0
218,0,-1.32,0,0
218,0,-1.32,0,0
219,0,-1.32,0,0
219,0,-1.32,0,0
219,0,-1.32,0,0
219,0,-1.32,0,0
219,0,-1.32,0,0
219,0,-1.32,0,0
220,0,-1.32,0,0
220,0,-1.32,0,0
220,0,-1.32,0,0
220,0,-1.32,0,0
220,0,-1.32,0,0
220,0,-1.32,0,0
221,0,-1.32,0,0
221,0,-1.32,0,0
221,0,-1.32,0,0
221,0,-1.32,0,0
221,0,-1.32,0,0
221,0,-1.32,0,0
221,0,-1.32,0,0
222,0,-1.32,0,0
222,0,-1.32,0,0
222,0,-1.32,0,0
222,0,-1.32,0,0
222,0,-1.32,0,0
222,0,-1.32,0,0
223,0,-1.32,0,0
223,0,-1.32,0,0
223,0,-1.32,0,0
223,0,-1.32,0,0
223,0,-1.32,0,0
223,0,-1.32,0,0
224,0,-1.32,0,0
224,0,-1.32,0,0
224,0,-1.32,0,0
224,0,-1.32,0,0
224,0,-1.32,0,0
224,0,-1.32,0,0
224,0,-1.32,0,0
225,0,-1.32,0,0
225,0,-1.32,0,0
225,0,-1.32,0,0
225,0,-1.32,0,0
225,0,-1.32,0,0
225,0,-1.32,0,0
226,0,-1.32,0,0
226,0,-1.32,0,0
226,0,-1.32,0,0
226,0,-1.32,0,0
226,0,-1.32,0,0
226,0,-1.32,0,0
226,0,-1.32,0,0
227,0,-1.32,0,0
227,0,-1.32,0,0
227,0,-1.32,0,0
227,0,-1.32,0,0
227,0,-1.32,0,0
227,0,-1.32,0,0
228,0,-1.32,0,0
228,0,-1.32,0,0
228,0,-1.32,0,0
228,0,-1.32,0,0
228,0,-1.32,0,0
228,0,-1.32,0,0
229,0,-1.32,0,0
229,0,-1.32,0,0
229,0,-1.32,0,0
229,0,-1.32,0,0
229,0,-1.32,0,0
229,0,-1.32,0,0
229,0,-1.32,0,0
230,0,-1.32,0,0
230,0,-1.32,0,0
230,0,-1.32,0,0
230,0,-1.32,0,0
230,0,-1.32,0,0
230,0,-1.32,0,0
231,0,-1.32,0,0
231,0,-1.32,0,0
231,0,-1.32,0,0
231,0,-1.32,0,0
231,0,-1.32,0,0
231,0,-1.32,0,0
232,0,-1.32,0,0
232,0,-1.32,0,0
232,0,-1.32,0,0
232,0,-1.32,0,0
232,0,-1.32,0,0
232,0,-1.32,0,0
232,0,-1.32,0,0
233,0,-1.32,0,0
233,0,-1.32,0,0
233,0,-1.32,0,0
233,0,-1.32,0,0
233,0,-1.32,0,0
233,0,-1.32,0,0
234,0,-1.32,0,0
234,0,-1.32,0,0
234,0,-1.32,0,0
234,0,-1.32,0,0
234,0,-1.32,0,0
234,0,-1.32,0,0
235,0,-1.32,0,0
235,0,-1.32,0,0
235,0,-1.32,0,0
235,0,-1.32,0,0
235,0,-1.32,0,0
235,0,-1.32,0,0
235,0,-1.32,0,0
236,0,-1.32,0,0
236,0,-1.32,0,0
236,0,-1.32,0,0
236,0,-1.32,0,0
236,0,-1.32,0,0
236,0,-1.32,0,0
237,0,-1.32,0,0
237,0,-1.32,0,0
237,0,-1.32,0,0
237,0,-1.32,0,0
237,0,-1.32,0,0
237,0,-1.32,0,0
237,0,-1.32,0,0
238,0,-1.32,0,0
238,0,-1.32,0,0
238,0,-1.32,0,0
238,0,-1.32,0,0
238,0,-1.32,0,0
238,0,-1.32,0,0
239,0,-1.32,0,0
239,0,-1.32,0,0
239,0,-1.32,0,0
239,0,-1.32,0,0
239,0,-1.32,0,0
239,0,-1.32,0,0
240,0,-1.32,0,0
240,0,-1.32,0,0
240,0,-1.32,0,0
240,0,-1.32,0,0
240,0,-1.32,0,0
240,0,-1.32,0,0
240,0,-1.32,0,0
241,0,-1.32,0,0
241,0,-1.32,0,0
241,0,-1.32,0,0
241,0,-1.32,0,0
241,0,-1.32,0,0
241,0,-1.32,0,0
242,0,-1.32,0,0
242,0,-1.32,0,0
242,0,-1.32,0,0
242,0,-1.32,0,0
242,0,-1.32,0,0
242,0,-1.32,0,0
243,0,-1.32,0,0
243,0,-1.32,0,0
243,0,-1.32,0,0
243,0,-1.32,0,0
243,0,-1.32,0,0
243,0,-1.32,0,0
243,0,-1.32,0,0
244,0,-1.32,0,0
244,0,-1.32,0,0
244,0,-1.32,0,0
244,0,-1.32,0,0
244,0,-1.32,0,0
244,0,-1.32,0,0
245,0,-1.32,0,0
245,0,-1.32,0,0
245,0,-1.32,0,0
245,0,-1.32,0,0
245,0,-1.32,0,0
245,0,-1.32,0,0
246,0,-1.32,0,0
246,0,-1.32,0,0
246,0,-1.32,0,0
246,0,-1.32,0,0
246,0,-1.32,0,0
246,0,-1.32,0,0
246,0,-1.32,0,0
247,0,-1.32,0,0
247,0,-1.32,0,0
247,0,-1.32,0,0
247,0,-1.32,0,0
247,0,-1.32,0,0
247,0,-1.32,0,0
248,0,-1.32,0,0
248,0,-1.32,0,0
248,0,-1.32,0,0
248,0,-1.32,0,0
248,0,-1.32,0,0
248,0,-1.32,0,0
249,0,-1.32,0,0
249,0,-1.32,0,0
249,0,-1.32,0,0
249,0,-1.32,0,0
249,0,-1.32,0,0
249,0,-1.32,0,0
249,0,-1.32,0,0
250,0,-1.32,0,0
250,0,-1.32,0,0
250,0,-1.32,0,0
250,0,-1.32,0,0
250,0,-1.32,0,0
250,0,-1.32,0,0
251,0,-1.32,0,0
251,0,-1.32,0,0
251,0,-1.32,0,0
251,0,-1.32,0,0
251,0,-1.32,0,0
251,0,-1.32,0,0
251,0,-1.32,0,0
252,0,-1.32,0,0
252,0,-1.32,0,0
252,0,-1.32,0,0
252,0,-1.32,0,0
252,0,-1.32,0,0
252,0,-1.32,0,0
253,0,-1.32,0,0
253,0,-1.32,0,0
253,0,-1.32,0,0
253,0,-1.32,0,0
253,0,-1.32,0,0
253,0,-1.32,0,0
254,0,-1.32,0,0
254,0,-1.32,0,0
254,0,-1.32,0,0
254,0,-1.32,0,0
254,0,-1.32,0,5
254,0,-1.32,0,0
254,0,-1.32,0,0
255,0,-1.32,0,0
255,0,-1.32,0,0
255,0,-1.32,0,0
255,0,-1.32,0,0
255,0,-1.32,0,0
255,0,-1.32,0,0
256,0,-1.32,0,0
256,0,-1.32,0,0
256,0,-1.32,0,0
256,0,-1.32,0,0
256,0,-1.32,0,0
256,0,-1.32,0,0
257,0,-1.32,0,0
257,0,-1.32,0,0
257,0,-1.32,0,0
257,0,-1.32,0,0
257,0,-1.32,0,0
257,0,-1.32,0,0
257,0,-1.32,0,0
258,0,-1.32,0,0
258,0,-1.32,0,0
258,0,-1.32,0,0
258,0,-1.32,0,0
258,0,-1.32,0,0
258,0,-1.32,0,0
259,0,-1.32,0,0
259,0,-1.32,0,0
259,0,-1.32,0,0
259,0,-1.32,0,0
259,0,-1.32,0,5
259,0,-1.32,0,5
260,0,-1.32,0,5
260,0,-1.32,0,5
260,0,-1.32,0,5
260,0,-1.32,0,5
260,0,-1.32,0,4.99
260,0,-1.32,0,5
260,0,-1.32,0,5
261,0,-1.32,0,5
261,0,-1.32,0,4.99
261,0,-1.32,0,0
261,0,-1.32,0,0
261,0,-1.32,0,0
261,0,-1.32,0,0
262,0,-1.32,0,0
262,0,-1.32,0,0
262,0,-1.32,0,0
262,0,-1.32,0,0
262,0,-1.32,0,0
262,0,-1.32,0,0
263,0,-1.32,0,0
263,0,-1.32,0,0
263,0,-1.32,0,0
263,0,-1.32,0,0
263,0,-1.32,0,0
263,0,-1.32,0,0
263,0,-1.32,0,0
264,0,-1.32,0,0
264,0,-1.32,0,0
264,0,-1.32,0,0
264,0,-1.32,0,0
264,0,-1.32,0,0
264,0,-1.32,0,0
265,0,-1.32,0,0
265,0,-1.32,0,0
265,0,-1.32,0,0
265,0,-1.32,0,0
265,0,-1.32,0,0
265,0,-1.32,0,0
265,0,-1.32,0,0
266,0,-1.32,0,0
266,0,-1.32,0,0
266,0,-1.32,0,0
266,0,-1.32,0,0
266,0,-1.32,0,0
266,0,-1.32,0,0
267,0,-1.32,0,0
267,0,-1.32,0,0
267,0,-1.32,0,0
267,0,-1.32,0,0
267,0,-1.32,0,0
267,0,-1.32,0,0
268,0,-1.32,0,0
268,0,-1.32,0,0
268,0,-1.32,0,0
268,0,-1.32,0,0
268,0,-1.32,0,0
268,0,-1.32,0,0
268,0,-1.32,0,0
269,0,-1.32,0,0
269,0,-1.32,0,0
269,0,-1.32,0,0
269,0,-1.32,0,0
269,0,-1.32,0,0
269,0,-1.32,0,0
270,0,-1.32,0,0
270,0,-1.32,0,0
270,0,-1.32,0,0
270,0,-1.32,0,0
270,0,-1.32,0,0
270,0,-1.32,0,0
271,0,-1.32,0,0
271,0,-1.32,0,0
271,0,-1.32,0,0
271,0,-1.32,0,0
271,0,-1.32,0,0
271,0,-1.32,0,0
271,0,-1.32,0,0
272,0,-1.32,0,0
272,0,-1.32,0,0
272,0,-1.32,0,0
272,0,-1.32,0,0
272,0,-1.32,0,0
272,0,-1.32,0,0
273,0,-1.32,0,0
273,0,-1.32,0,0
273,0,-1.32,0,0
273,0,-1.32,0,0
273,0,-1.32,0,0
273,0,-1.32,0,0
274,0,-1.32,0,0
274,0,-1.32,0,0
274,0,-1.32,0,0
274,0,-1.32,0,0
274,0,-1.32,0,0
274,0,-1.32,0,0
274,0,-1.32,0,0
275,0,-1.32,0,0
275,0,-1.32,0,0
275,0,-1.32,0,0
275,0,-1.32,0,0
275,0,-1.32,0,0
275,0,-1.32,0,0
276,0,-1.32,0,0
276,0,-1.32,0,0
276,0,-1.32,0,0
276,0,-1.32,0,0
276,0,-1.32,0,0
276,0,-1.32,0,0
277,0,-1.32,0,0
277,0,-1.32,0,0
277,0,-1.32,0,0
277,0,-1.32,0,0
277,0,-1.32,0,0
277,0,-1.32,0,0
277,0,-1.32,0,0
278,0,-1.32,0,0
278,0,-1.32,0,0
278,0,-1.32,0,0
278,0,-1.32,0,0
278,0,-1.32,0,0
278,0,-1.32,0,0
279,0,-1.32,0,0
279,0,-1.32,0,0
279,0,-1.32,0,0
279,0,-1.32,0,0
279,0,-1.32,0,0
279,0,-1.32,0,0
279,0,-1.32,0,0
280,0,-1.32,0,0
280,0,-1.32,0,0
280,0,-1.32,0,0
280,0,-1.32,0,0
280,0,-1.32,0,0
280,0,-1.32,0,0
281,0,-1.32,0,0
281,0,-1.32,0,0
281,0,-1.32,0,0
281,0,-1.32,0,0
281,0,-1.32,0,0
281,0,-1.32,0,0
282,0,-1.32,0,0
282,0,-1.32,0,0
282,0,-1.32,0,0
282,0,-1.32,0,0
282,0,-1.32,0,0
282,0,-1.32,0,0
282,0,-1.32,0,0
283,0,-1.32,0,0
283,0,-1.32,0,0
283,0,-1.32,0,0
283,0,-1.32,0,0
283,0,-1.32,0,0
283,0,-1.32,0,0
284,0,-1.32,0,0
284,0,-1.32,0,0
284,0,-1.32,0,0
284,0,-1.32,0,0
284,0,-1.32,0,0
284,0,-1.32,0,0
285,0,-1.32,0,0
285,0,-1.32,0,0
285,0,-1.32,0,0
285,0,-1.32,0,0
285,0,-1.32,0,0
285,0,-1.32,0,0
285,0,-1.32,0,0
286,0,-1.32,0,0
286,0,-1.32,0,0
286,0,-1.32,0,0
286,0,-1.32,0,0
286,0,-1.32,0,0
286,0,-1.32,0,0
287,0,-1.32,0,0
287,0,-1.32,0,0
287,0,-1.32,0,0
287,0,-1.32,0,0
287,0,-1.32,0,0
287,0,-1.32,0,0
288,0,-1.32,0,0
288,0,-1.32,0,0
288,0,-1.32,0,0
288,0,-1.32,0,0
288,0,-1.32,0,0
288,0,-1.32,0,0
288,0,-1.32,0,0
289,0,-1.32,0,0
289,0,-1.32,0,0
289,0,-1.32,0,0
289,0,-1.32,0,0
289,0,-1.32,0,0
289,0,-1.32,0,0
290,0,-1.32,0,0
290,0,-1.32,0,0
290,0,-1.32,0,0
290,0,-1.32,0,0
290,0,-1.32,0,0
290,0,-1.32,0,0
290,0,-1.32,0,0
291,0,-1.32,0,0
291,0,-1.32,0,0
291,0,-1.32,0,0
291,0,-1.32,0,0
291,0,-1.32,0,0
291,0,-1.32,0,0
292,0,-1.32,0,0
292,0,-1.32,0,0
292,0,-1.32,0,0
292,0,-1.32,0,0
292,0,-1.32,0,0
292,0,-1.32,0,0
293,0,-1.32,0,0
293,0,-1.32,0,0
293,0,-1.32,0,0
293,0,-1.32,0,0
293,0,-1.32,0,0
293,0,-1.32,0,0
293,0,-1.32,0,0
294,0,-1.32,0,0
294,0,-1.32,0,0
294,0,-1.32,0,0
294,0,-1.32,0,0
294,0,-1.32,0,0
294,0,-1.32,0,0
295,0,-1.32,0,0
295,0,-1.32,0,0
295,0,-1.32,0,0
295,0,-1.32,0,0
295,0,-1.32,0,0
295,0,-1.32,0,0
296,0,-1.32,0,0
296,0,-1.32,0,0
296,0,-1.32,0,0
296,0,-1.32,0,0
296,0,-1.32,0,0
296,0,-1.32,0,0
296,0,-1.32,0,0
297,0,-1.32,0,0
297,0,-1.32,0,0
297,0,-1.32,0,0
297,0,-1.32,0,0
297,0,-1.32,0,0
297,0,-1.32,0,0
298,0,-1.32,0,0
298,0,-1.32,0,0
298,0,-1.32,0,0
298,0,-1.32,0,0
298,0,-1.32,0,0
298,0,-1.32,0,0
299,0,-1.32,0,0
299,0,-1.32,0,0
299,0,-1.32,0,0
299,0,-1.32,0,0
299,0,-1.32,0,0
299,0,-1.32,0,0
299,0,-1.32,0,0
300,0,-1.32,0,0
300,0,-1.32,0,0
300,0,-1.32,0,0
300,0,-1.32,0,0
300,0,-1.32,0,0
300,0,-1.32,0,0
301,0,-1.32,0,0
301,0,-1.32,0,0
301,0,-1.32,0,0
301,0,-1.32,0,0
301,0,-1.32,0,0
301,0,-1.32,0,0
302,0,-1.32,0,0
302,0,-1.32,0,0
302,0,-1.32,0,0
302,0,-1.32,0,0
302,0,-1.32,0,0
302,0,-1.32,0,0
302,0,-1.32,0,0
303,0,-1.32,0,0
303,0,-1.32,0,0
303,0,-1.32,0,0
303,0,-1.32,0,0
303,0,-1.32,0,0
303,0,-1.32,0,0
304,0,-1.32,0,0
304,0,-1.32,0,0
304,0,-1.32,0,0
304,0,-1.32,0,0
304,0,-1.32,0,0
304,0,-1.32,0,0
305,0,-1.32,0,0
305,0,-1.32,0,0
305,0,-1.32,0,0
305,0,-1.32,0,0
305,0,-1.32,0,0
305,0,-1.32,0,0
305,0,-1.32,0,0
306,0,-1.32,0,0
306,0,-1.32,0,0
306,0,-1.32,0,0
306,0,-1.32,0,0
306,0,-1.32,0,0
306,0,-1.32,0,0
307,0,-1.32,0,0
307,0,-1.32,0,0
307,0,-1.32,0,0
307,0,-1.32,0,0
307,0,-1.32,0,0
307,0,-1.32,0,0
307,0,-1.32,0,0
308,0,-1.32,0,0
308,0,-1.32,0,0
308,0,-1.32,0,0
308,0,-1.32,0,0
308,0,-1.32,0,0
308,0,-1.32,0,0
309,0,-1.32,0,0
309,0,-1.32,0,0
309,0,-1.32,0,0
309,0,-1.32,0,0
309,0,-1.32,0,0
309,0,-1.32,0,0
310,0,-1.32,0,0
310,0,-1.32,0,0
310,0,-1.32,0,0
310,0,-1.32,0,0
310,0,-1.32,0,0
310,0,-1.32,0,0
310,0,-1.32,0,0
311,0,-1.32,0,0
311,0,-1.32,0,0
311,0,-1.32,0,0
311,0,-1.32,0,0
311,0,-1.32,0,0
311,0,-1.32,0,0
312,0,-1.32,0,0
312,0,-1.32,0,0
312,0,-1.32,0,0
312,0,-1.32,0,0
312,0,-1.32,0,0
312,0,-1.32,0,0
313,0,-1.32,0,0
313,0,-1.32,0,0
313,0,-1.32,0,0
313,0,-1.32,0,0
313,0,-1.32,0,0
313,0,-1.32,0,0
313,0,-1.32,0,0
314,0,-1.32,0,0
314,0,-1.32,0,0
314,0,-1.32,0,0
314,0,-1.32,0,0
314,0,-1.32,0,0
314,0,-1.32,0,0
315,0,-1.32,0,0
315,0,-1.32,0,0
315,0,-1.32,0,0
315,0,-1.32,0,0
315,0,-1.32,0,0
315,0,-1.32,0,0
316,0,-1.32,0,0
316,0,-1.32,0,0
316,0,-1.32,0,0
316,0,-1.32,0,0
316,0,-1.32,0,0
316,0,-1.32,0,0
316,0,-1.32,0,0
317,0,-1.32,0,0
317,0,-1.32,0,0
317,0,-1.32,0,0
317,0,-1.32,0,0
317,0,-1.32,0,0
317,0,-1.32,0,0
318,0,-1.32,0,0
318,0,-1.32,0,0
318,0,-1.32,0,0
318,0,-1.32,0,0
318,0,-1.32,0,0
318,0,-1.32,0,0
319,0,-1.32,0,0
319,0,-1.32,0,0
319,0,-1.32,0,0
319,0,-1.32,0,0
319,0,-1.32,0,0
319,0,-1.32,0,0
319,0,-1.32,0,0
320,0,-1.32,0,0
320,0,-1.32,0,0
320,0,-1.32,0,0
320,0,-1.32,0,0
320,0,-1.32,0,0
320,0,-1.32,0,0
321,0,-1.32,0,0
321,0,-1.32,0,0
321,0,-1.32,0,0
321,0,-1.32,0,0
321,0,-1.32,0,0
321,0,-1.32,0,0
321,0,-1.32,0,0
322,0,-1.32,0,0
322,0,-1.32,0,0
322,0,-1.32,0,0
322,0,-1.32,0,0
322,0,-1.32,0,0
322,0,-1.32,0,0
323,0,-1.32,0,0
323,0,-1.32,0,0
323,0,-1.32,0,0
323,0,-1.32,0,0
323,0,-1.32,0,0
323,0,-1.32,0,0
324,0,-1.32,0,0
324,0,-1.32,0,0
324,0,-1.32,0,0
324,0,-1.32,0,0
324,0,-1.32,0,0
324,0,-1.32,0,0
324,0,-1.32,0,0
325,0,-1.32,0,0
325,0,-1.32,0,0
325,0,-1.32,0,0
325,0,-1.32,0,0
325,0,-1.32,0,0
325,0,-1.32,0,0
326,0,-1.32,0,0
326,0,-1.32,0,0
326,0,-1.32,0,0
326,0,-1.32,0,0
326,0,-1.32,0,0
326,0,-1.32,0,0
327,0,-1.32,0,0
327,0,-1.32,0,0
327,0,-1.32,0,0
327,0,-1.32,0,0
327,0,-1.32,0,0
327,0,-1.32,0,0
327,0,-1.32,0,0
328,0,-1.32,0,0
328,0,-1.32,0,0
328,0,-1.32,0,0
328,0,-1.32,0,0
328,0,-1.32,0,0
328,0,-1.32,0,0
329,0,-1.32,0,0
329,0,-1.32,0,0
329,0,-1.32,0,0
329,0,-1.32,0,0
329,0,-1.32,0,0
329,0,-1.32,0,0
330,0,-1.32,0,0
330,0,-1.32,0,0
330,0,-1.32,0,0
330,0,-1.32,0,0
330,0,-1.32,0,0
330,0,-1.32,0,0
330,0,-1.32,0,0
331,0,-1.32,0,0
331,0,-1.32,0,0
331,0,-1.32,0,0
331,0,-1.32,0,0
331,0,-1.32,0,0
331,0,-1.32,0,0
332,0,-1.32,0,0
332,0,-1.32,0,0
332,0,-1.32,0,0
332,0,-1.32,0,0
332,0,-1.32,0,0
332,0,-1.32,0,0
332,0,-1.32,0,0
333,0,-1.32,0,0
333,0,-1.32,0,0
333,0,-1.32,0,0
333,0,-1.32,0,0
333,0,-1.32,0,0
333,0,-1.32,0,0
334,0,-1.32,0,1.1
334,0,-1.32,0,1.09
334,0,-1.32,0,1.57
334,0,-1.32,0,1.43
334,0,-1.32,0,1.61
334,0,-1.32,0,1.93
335,0,-1.32,0,1.91
335,0,-1.32,0,2.17
335,0,-1.32,0,2.03
335,0,-1.32,0,1.89
335,0,-1.32,0,1.84
335,0,-1.32,0,1.96
335,0,-1.32,0,2.21
336,0,-1.32,0,2.39
336,0,-1.32,0,2.42
336,0,-1.32,0,2.29
336,0,-1.32,0,2.06
336,0,-1.32,0,1.94
336,0,-1.32,0,2.02
337,0,-1.32,0,2.24
337,0,-1.32,0,2.45
337,0,-1.32,0,2.43
337,0,-1.32,0,2.28
337,0,-1.32,0,2.05
337,0,-1.32,0,1.96
338,0,-1.32,0,2.05
338,0,-1.32,0,1.99
338,0,-1.32,0,2.11
338,0,-1.32,0,2.31
338,0,-1.32,0,2.51
338,0,-1.32,0,2.45
338,0,-1.32,0,2.3
339,0,-1.32,0,2.19
339,0,-1.32,0,2.18
339,0,-1.32,0,2.13
339,0,-1.32,0,2.37
339,0,-1.32,0,2.54
339,0,-1.32,0,2.48
340,0,-1.32,0,2.26
340,0,-1.32,0,2.07
340,0,-1.32,0,2.01
340,0,-1.32,0,2.17
340,0,-1.32,0,2.41
340,0,-1.32,0,2.02
341,0,-1.32,0,2.17
341,0,-1.32,0,2.43
341,0,-1.32,0,2.28
341,0,-1.32,0,2.5
341,0,-1.32,0,2.53
341,0,-1.32,0,2.32
341,0,-1.32,0,2.09
342,0,-1.32,0,2.04
342,0,-1.32,0,2.22
342,0,-1.32,0,2.46
342,0,-1.32,0,2.57
342,0,-1.32,0,2.43
342,0,-1.32,0,2.18
343,0,-1.32,0,2.03
343,0,-1.32,0,2.13
343,0,-1.32,0,2.37
343,0,-1.32,0,2.56
343,0,-1.32,0,2.52
343,0,-1.32,0,2.3
344,0,-1.32,0,2.09
344,0,-1.32,0,2.06
344,0,-1.32,0,2.25
344,0,-1.32,0,2.58
344,0,-1.32,0,2.45
344,0,-1.32,0,2.21
344,0,-1.32,0,2.04
345,0,-1.32,0,2.12
345,0,-1.32,0,2.34
345,0,-1.32,0,2.54
345,0,-1.32,0,2.55
345,0,-1.32,0,2.37
345,0,-1.32,0,2.15
346,0,-1.32,0,2.05
346,0,-1.32,0,2.16
346,0,-1.32,0,2.4
346,0,-1.32,0,2.57
346,0,-1.32,0,2.56
346,0,-1.32,0,2.39
347,0,-1.32,0,2.17
347,0,-1.32,0,2.05
347,0,-1.32,0,2.14
347,0,-1.32,0,2.06
347,0,-1.32,0,2.18
347,0,-1.32,0,2.4
347,0,-1.32,0,2.57
348,0,-1.32,0,2.55
348,0,-1.32,0,2.39
348,0,-1.32,0,2.15
348,0,-1.32,0,2.05
348,0,-1.32,0,2.16
348,0,-1.32,0,2.36
349,0,-1.32,0,2.54
349,0,-1.32,0,2.59
349,0,-1.32,0,2.42
349,0,-1.32,0,2.17
349,0,-1.32,0,2.06
349,0,-1.32,0,2.17
350,0,-1.32,0,2.43
350,0,-1.32,0,2.56
350,0,-1.32,0,2.52
350,0,-1.32,0,2.34
350,0,-1.32,0,2.47
350,0,-1.32,0,2.24
350,0,-1.32,0,2.09
351,0,-1.32,0,2.15
351,0,-1.32,0,2.34
351,0,-1.32,0,2.52
351,0,-1.32,0,2.57
351,0,-1.32,0,2.45
351,0,-1.32,0,2.26
352,0,-1.32,0,2.12
352,0,-1.32,0,2.12
352,0,-1.32,0,2.23
352,0,-1.32,0,2.44
352,0,-1.32,0,2.56
352,0,-1.32,0,2.54
353,0,-1.32,0,2.39
353,0,-1.32,0,2.19
353,0,-1.32,0,2.11
353,0,-1.32,0,2.19
353,0,-1.32,0,2.32
353,0,-1.32,0,2.14
353,0,-1.32,0,2.32
354,0,-1.32,0,2.5
354,0,-1.32,0,2.59
354,0,-1.32,0,2.51
354,0,-1.32,0,2.32
354,0,-1.32,0,2.17
354,0,-1.32,0,2.11
355,0,-1.32,0,2.2
355,0,-1.32,0,2.39
355,0,-1.32,0,2.55
355,0,-1.32,0,2.57
355,0,-1.32,0,2.45
355,0,-1.32,0,2.24
355,0,-1.32,0,2.13
356,0,-1.32,0,2.15
356,0,-1.32,0,2.28
356,0,-1.32,0,2.48
356,0,-1.32,0,2.59
356,0,-1.32,0,2.49
356,0,-1.32,0,2.59
357,0,-1.32,0,2.52
357,0,-1.32,0,2.36
357,0,-1.32,0,2.17
357,0,-1.32,0,2.1
357,0,-1.32,0,2.19
357,0,-1.32,0,2.38
358,0,-1.32,0,2.55
358,0,-1.32,0,2.58
358,0,-1.32,0,2.44
358,0,-1.32,0,2.24
358,0,-1.32,0,2.11
358,0,-1.32,0,2.16
358,0,-1.32,0,2.36
359,0,-1.32,0,2.53
359,0,-1.32,0,2.59
359,0,-1.32,0,2.47
359,0,-1.32,0,2.24
359,0,-1.32,0,2.12
359,0,-1.32,0,2.21
360,0,-1.32,0,2.11
360,0,-1.32,0,2.19
360,0,-1.32,0,2.4
360,0,-1.32,0,2.56
360,0,-1.32,0,2.57
360,0,-1.32,0,2.41
361,0,-1.32,0,2.19
361,0,-1.32,0,2.05
361,0,-1.32,0,2.18
361,0,-1.32,0,2.42
361,0,-1.32,0,2.58
361,0,-1.32,0,2.57
361,0,-1.32,0,2.39
